Time (s),Mass (g),HRR (kW),MFR (kg/s),T Duct (K),O2 (Vol fr),CO2 (Vol fr),CO (Vol fr), K Smoke (1/m)
0,64.75119,-0.01154161,0.027380649,323.708,0.209532805,0.000457719,2.66E-06,0.00022805
1,64.665422,0.000366219,0.027033251,323.824,0.209514351,0.000431439,2.00E-06,0.000350843
2,64.73041,0.019620292,0.027284764,323.855,0.209478743,0.000417248,1.18E-07,0.000342067
3,64.750321,0.033148217,0.026914274,323.893,0.209451215,0.000414079,-7.88E-07,0.000289442
4,64.749955,0.01909733,0.027110031,324.021,0.209479402,0.000419706,-9.22E-07,0.000210502
5,64.7503,-0.002327549,0.027588196,324.2,0.209516689,0.000448037,9.25E-07,0.000114023
6,64.750297,-0.003454114,0.028014555,324.309,0.209519062,0.000443918,2.82E-06,0.000219273
7,64.750801,0.003872374,0.027712021,324.363,0.209507343,0.00043201,1.63E-06,0.000175415
8,64.749864,0.027695345,0.026990703,324.489,0.209459315,0.000429047,-2.27E-07,0.000219269
9,64.749824,0.046191807,0.027412184,324.601,0.209420855,0.000439206,-1.15E-06,0.000236809
10,64.750611,0.031547439,0.027728076,324.688,0.209447644,0.000456124,-8.39E-07,0.000333284
11,64.712378,0.009387277,0.02689867,324.768,0.209482947,0.000493201,1.45E-06,0.000315749
12,64.741237,0.002437929,0.02703566,324.837,0.209496188,0.000496298,2.90E-06,0.000157877
13,64.751032,0.016285015,0.027974753,324.835,0.209470388,0.000489698,2.40E-06,0.000192965
14,64.69952,0.0463572,0.027669767,324.882,0.209413833,0.00047382,-2.56E-07,0.00029822
15,64.738932,0.058631746,0.026544487,324.977,0.209385089,0.000470899,-1.17E-06,0.000175423
16,64.751032,0.043093117,0.027252583,325.042,0.209416385,0.000487017,-4.92E-07,5.26E-05
17,64.702958,0.02689416,0.027639185,325.112,0.209448304,0.000493266,1.23E-06,0.000114019
18,64.738965,0.016915119,0.027306151,325.208,0.209472419,0.000469716,2.63E-06,0.000157874
19,64.751059,0.020779083,0.02745851,325.302,0.209470271,0.000446311,9.50E-07,0.000271893
20,64.73017,0.040386551,0.02686573,325.409,0.20943219,0.000432314,-5.12E-07,0.000245583
21,64.745909,0.044137668,0.027356737,325.49,0.209426657,0.000430396,-1.07E-06,0.000192956
22,64.750928,0.024650664,0.027094621,325.558,0.20946309,0.000442082,-3.36E-07,0.000184183
23,64.740325,0.001764906,0.02741563,325.558,0.209505438,0.000460969,1.71E-06,0.000131562
24,64.749056,-0.003149485,0.027454425,325.578,0.209514331,0.000464533,2.62E-06,0.000140332
25,64.751184,0.006720999,0.027542692,325.666,0.209488287,0.00049626,1.03E-06,4.39E-05
26,64.751059,0.029289597,0.027082475,325.693,0.209416513,0.000619445,-7.36E-07,3.51E-05
27,64.666665,0.045089694,0.027017615,325.7,0.209329154,0.000881223,-1.17E-06,5.26E-05
28,64.646222,0.076482293,0.027066714,325.775,0.209172817,0.001318376,1.34E-07,0.000166648
29,64.646354,0.157797569,0.027144239,325.953,0.208892381,0.001844426,1.23E-05,0.000166648
30,64.646354,0.281428387,0.026832805,326.376,0.208501206,0.002433295,3.57E-05,0.000149103
31,64.645613,0.49887222,0.02646527,327.076,0.207852531,0.003260185,6.70E-05,9.65E-05
32,64.646592,0.798412463,0.026304162,328.145,0.206975752,0.004314607,0.000114787,5.26E-05
33,64.568525,1.213604019,0.025640446,329.568,0.205779181,0.005427011,0.000167945,2.63E-05
34,64.467507,1.723042591,0.025321554,331.274,0.204375699,0.006519094,0.000222577,5.26E-05
35,64.446637,2.331548365,0.024064143,333.422,0.202502572,0.007657885,0.000277584,-1.75E-05
36,64.287115,2.985811431,0.023761026,336.015,0.200655544,0.00865812,0.000332175,0.000166644
37,64.088369,3.608001918,0.023556599,338.838,0.198897615,0.009548344,0.000382507,8.77E-05
38,63.728456,4.238224188,0.023839101,342.015,0.197310219,0.010381479,0.000430761,0.000140332
39,63.410488,4.674866384,0.023717371,345.353,0.196052493,0.011075351,0.00047016,0.000271899
40,63.431626,4.847422187,0.022511247,348.346,0.194866309,0.011716186,0.000506685,0.000140336
41,63.371528,5.297056652,0.022854503,351.286,0.19380979,0.012214691,0.000539298,0.000114022
42,63.190255,5.480972189,0.022375696,354.522,0.192957082,0.012632819,0.000566649,1.75E-05
43,62.907261,5.785004806,0.02261112,357.833,0.192245849,0.013003998,0.000589722,-2.63E-05
44,62.455108,5.952588439,0.022461913,360.906,0.19163938,0.013347538,0.000613988,-5.26E-05
45,62.273093,6.283740875,0.0230553,363.529,0.191126369,0.013690295,0.000638506,8.77E-06
46,62.251837,6.538213891,0.023412455,366.11,0.190662067,0.014030634,0.000662279,8.77E-05
47,62.174344,6.577368554,0.022960279,368.971,0.190173073,0.014352427,0.000683715,4.39E-05
48,61.75514,6.699757058,0.02286449,371.453,0.189717279,0.014706328,0.000700014,7.89E-05
49,61.654481,6.64447978,0.022100749,373.88,0.189179639,0.015155386,0.000718345,-2.63E-05
50,61.571329,6.826426203,0.022157709,376.552,0.188649636,0.015619259,0.000736941,-4.39E-05
51,61.232089,6.797847602,0.021573898,379.235,0.188150964,0.016045117,0.000757384,5.26E-05
52,60.752918,6.952194602,0.021589095,382.157,0.187680917,0.01634771,0.000776736,3.51E-05
53,60.577285,7.122545791,0.021600443,385.331,0.187173216,0.016604819,0.000794955,8.77E-05
54,60.475586,7.177616004,0.021276179,388.347,0.186668,0.016883131,0.000810298,0.00015788
55,60.293102,7.100954494,0.020648291,391.097,0.186232206,0.017125774,0.000824768,0.000192963
56,60.01899,7.589942821,0.02169624,393.649,0.185841835,0.017313937,0.000842193,3.51E-05
57,59.793993,7.615158215,0.021440681,396.243,0.185483155,0.017511107,0.000861372,-1.75E-05
58,59.594714,7.774133122,0.021635317,399.078,0.18520075,0.017679382,0.000878571,0.00019297
59,59.477114,7.648327004,0.021055578,401.543,0.184942389,0.01780151,0.00089076,0.000105259
60,59.215861,7.759446513,0.021082012,403.508,0.184638493,0.017889937,0.000899166,0.000114032
61,58.197771,7.857384547,0.021099081,405.596,0.184366101,0.017961128,0.000905668,0.000175432
62,58.117863,7.841105377,0.020924482,407.934,0.184216062,0.01801877,0.000909852,0.000166658
63,58.075209,7.739761764,0.02062479,409.881,0.184186542,0.018003739,0.000912553,8.77E-05
64,57.893905,7.715880377,0.02053352,412.188,0.184186807,0.017843417,0.00091243,0.000184196
65,57.696105,7.703922777,0.02050039,414.369,0.184233435,0.017596784,0.000907204,0.000219286
66,57.412551,7.821893123,0.020923722,416.395,0.184393768,0.017373762,0.000900914,0.000219286
67,57.192474,7.702115286,0.020796125,418.151,0.184631085,0.017212124,0.000895545,0.000280688
68,56.993103,7.6031764,0.02075789,419.439,0.184886809,0.01714216,0.00089257,0.000307009
69,56.315629,7.703974265,0.021235116,420.729,0.185086018,0.017179378,0.00089174,0.000271917
70,56.072157,7.541201465,0.020914617,422.096,0.185204315,0.017248541,0.000891602,0.000219289
71,56.050404,7.523890844,0.020866795,423.007,0.185186621,0.0173455,0.000890342,0.000236835
72,55.891168,7.563605093,0.020861392,424.131,0.185032995,0.017530718,0.00089264,0.000175432
73,55.53143,7.386072339,0.020196286,425.536,0.184796271,0.017792754,0.000896538,0.0001842
74,55.369647,7.494281604,0.020347836,426.588,0.184593937,0.01804233,0.000902734,7.89E-05
75,55.187491,7.544980011,0.020380722,427.937,0.184431184,0.018299107,0.0009104,0.000131571
76,54.82505,7.627081448,0.020429982,429.562,0.184205476,0.018502245,0.000918575,8.77E-06
77,54.587884,7.649947513,0.020205765,431.184,0.183856572,0.018689044,0.000923986,0.000236823
78,54.466689,7.978890545,0.020782375,433.146,0.183503504,0.018878363,0.000931019,7.89E-05
79,54.110749,7.74833639,0.019895506,434.835,0.183136865,0.01906962,0.000941015,7.89E-05
80,53.806161,8.026733349,0.020395067,436.286,0.182853272,0.019257766,0.000954823,7.02E-05
81,53.591208,8.070274439,0.020354911,437.741,0.182635725,0.019469427,0.000969939,-8.77E-06
82,53.351003,7.897601236,0.01980357,439.215,0.182451929,0.019683555,0.000988698,2.63E-05
83,52.938011,8.303731611,0.020683308,440.581,0.182248527,0.019893482,0.001005388,-3.51E-05
84,52.763645,8.202014983,0.020145591,441.922,0.181862179,0.02012333,0.001025892,1.75E-05
85,52.577618,8.257392817,0.019932483,443.429,0.181379373,0.02040074,0.001046984,8.77E-06
86,52.221388,8.23345523,0.019652427,444.88,0.181039797,0.020690314,0.001067719,2.63E-05
87,51.983198,8.305504198,0.019650759,446.333,0.180757675,0.020988557,0.001086822,-4.39E-05
88,51.783117,8.268160497,0.019362207,447.811,0.180422553,0.021367203,0.001100595,0.000105253
89,51.259367,8.535560594,0.019700285,449.359,0.179984767,0.021702533,0.001110266,0.000114027
90,50.97924,8.917580783,0.02014965,451.005,0.179383962,0.021931329,0.001119558,0.000166653
91,50.779397,8.767544369,0.019476322,452.576,0.178894384,0.022101147,0.001130589,0.000192964
92,50.180203,8.969748932,0.019747621,454.675,0.178617746,0.022263573,0.001142391,0.000210502
93,49.963069,8.79458225,0.019247523,456.322,0.17839878,0.022553401,0.001154558,2.63E-05
94,49.859741,8.838586472,0.019263737,457.586,0.178209079,0.022953006,0.001162844,-2.63E-05
95,49.605037,9.034683272,0.019551395,458.844,0.177933362,0.023373244,0.001169742,0.000192959
96,48.657984,9.06461376,0.019420283,460.105,0.177572385,0.023797937,0.001181384,7.89E-05
97,48.607057,8.813132645,0.01859281,462.026,0.177062837,0.024180048,0.001195714,3.51E-05
98,48.486354,8.835424794,0.018326354,464.128,0.176503831,0.024533491,0.001217762,0.00011402
99,48.045029,9.200046971,0.018750454,466.158,0.175934102,0.024797575,0.001240596,8.77E-06
100,47.626973,9.509162032,0.019056362,468.089,0.175374331,0.025075284,0.001259686,0.000131569
101,47.389513,9.802706528,0.019369319,469.99,0.174891985,0.025348034,0.001274252,0.000140341
102,47.183791,9.618739234,0.018726247,471.838,0.174381237,0.025617062,0.001290708,-4.39E-05
103,47.064656,9.865321976,0.018981939,473.529,0.173967573,0.025838295,0.001310051,7.89E-05
104,46.729033,10.05548786,0.019213006,475.801,0.173723731,0.025933823,0.001327453,0.000157885
105,45.93005,9.664941489,0.018355338,477.685,0.173513578,0.026006071,0.001341226,0.000122797
106,45.590666,9.801474854,0.018507001,479.397,0.173306063,0.026113549,0.001348748,0.000157881
107,45.392319,10.12535192,0.018982929,480.768,0.173049322,0.026259983,0.001351256,0.000254366
108,45.268788,9.988810708,0.018599204,481.964,0.172799818,0.026405534,0.001354086,0.000184194
109,45.088716,10.06573122,0.018634329,483.658,0.172587774,0.026523067,0.00135918,0.000131568
110,44.32916,9.971369076,0.018406535,485.434,0.172480588,0.026581968,0.00136505,8.77E-05
111,43.906616,9.771802738,0.017995831,487.062,0.172388679,0.026655397,0.001369199,4.39E-05
112,43.76902,9.462064226,0.017374462,488.422,0.17226487,0.026805227,0.001370037,8.77E-06
113,43.509,10.0507825,0.018378591,489.911,0.172091615,0.026994975,0.001372707,-1.75E-05
114,42.885616,10.50772694,0.019070032,491.172,0.171805275,0.027178441,0.001379053,-2.63E-05
115,42.584561,10.26656455,0.018530112,492.566,0.171586174,0.027344155,0.001392836,1.75E-05
116,42.468782,10.1585338,0.018260353,493.754,0.171418983,0.027475856,0.001410076,0.000114031
117,42.288258,10.38409655,0.018607654,495.079,0.171282389,0.02761922,0.001426245,3.51E-05
118,41.764741,10.38924411,0.018551199,496.383,0.17111976,0.027832071,0.00144022,8.77E-06
119,40.915366,10.4778445,0.018593271,497.759,0.170867894,0.028029798,0.001451001,8.77E-06
120,40.823761,10.53950399,0.018530141,498.93,0.170510515,0.028220793,0.001460888,0.000149121
121,40.760895,10.21352463,0.017858853,500.444,0.170286835,0.028388281,0.001470527,0.000105261
122,40.504314,10.32654155,0.017995845,502.099,0.170145669,0.02850399,0.001479897,-8.77E-06
123,40.285096,10.74044592,0.018639608,503.132,0.169980559,0.028599634,0.001486966,7.02E-05
124,40.003353,10.97479962,0.018965188,504.462,0.169787056,0.028829493,0.001494179,8.77E-05
125,39.384349,10.79879947,0.018568699,505.81,0.169531251,0.029262343,0.001505913,6.14E-05
126,39.005882,10.37810845,0.017696117,507.069,0.169150092,0.029691553,0.001523854,9.65E-05
127,38.780826,10.41286375,0.017550886,508.189,0.16866386,0.030028136,0.001550614,5.26E-05
128,38.504046,10.4901008,0.017456612,509.948,0.168157415,0.030203325,0.001574526,6.14E-05
129,37.794187,10.72648183,0.01766676,511.83,0.167736308,0.030374436,0.001600541,0.000210526
130,37.479168,10.85792372,0.01774998,513.695,0.16740314,0.030631492,0.001625974,-8.77E-06
131,37.201703,10.84702124,0.017602562,515.357,0.167061472,0.030961352,0.00164879,-2.63E-05
132,36.463043,11.16602838,0.017960553,516.447,0.166660121,0.031287932,0.00167172,0.000245604
133,36.250288,10.68764982,0.017036379,517.592,0.166263008,0.031532529,0.001692877,0.000184202
134,36.080303,11.13539089,0.017597687,518.982,0.165901509,0.031657073,0.001707376,0.000140348
135,35.841231,10.50542815,0.016489029,520.567,0.165616656,0.03173783,0.001715936,0.000210528
136,35.590491,11.17018696,0.017433816,521.861,0.16536838,0.031871042,0.00172396,0.000254386
137,34.979084,11.10884624,0.01726612,523.128,0.165161671,0.032093564,0.001734485,0.000254382
138,34.662282,10.6706423,0.01653526,524.211,0.164994728,0.032338013,0.001750943,-1.75E-05
139,34.391937,11.07788516,0.017091483,525.212,0.16477586,0.032554694,0.001772523,7.02E-05
140,33.538082,11.29528989,0.017339088,526.4,0.16453946,0.032707684,0.001794312,7.02E-05
141,33.176115,11.30556291,0.017222279,527.409,0.164202422,0.032834398,0.001808557,0.000236837
142,32.895128,11.5892212,0.017527373,529.1,0.163873004,0.033004621,0.001825073,0.000201752
143,32.107201,11.98731167,0.018027405,530.483,0.163586637,0.033292244,0.001841115,0.000236838
144,32.016854,11.76704223,0.017648548,531.896,0.163406026,0.033673167,0.001855471,0.000157891
145,31.876134,11.50875354,0.017190444,533.209,0.16317064,0.034031727,0.001868669,8.77E-05
146,31.595189,11.60928834,0.017186477,534.324,0.162736822,0.034368544,0.001879833,8.77E-05
147,31.374558,11.71764171,0.01715496,536.282,0.162213986,0.034667222,0.001886242,0.000236823
148,30.531526,11.79698019,0.017082087,537.763,0.161692455,0.034956226,0.001891786,0.000149111
149,29.935347,11.69413804,0.016774619,539.455,0.161230083,0.035273861,0.001897006,0.000157883
150,29.674503,11.67835109,0.016635498,541.508,0.160878668,0.035538602,0.001903758,0.00014034
151,29.475185,11.82247237,0.016733901,543.088,0.160571034,0.035681425,0.001914449,8.77E-05
152,28.546725,12.05938434,0.016975383,544.696,0.160307554,0.035778844,0.001923331,0.00017543
153,28.334958,11.91560978,0.016681133,546.122,0.160027745,0.035974183,0.00193046,6.14E-05
154,28.251561,12.14229775,0.016917394,547.54,0.159745277,0.036365211,0.001939487,7.89E-05
155,27.987753,12.95026416,0.017958523,548.442,0.159449793,0.036837521,0.001955689,0.000184195
156,27.688926,11.83454211,0.016298185,549.836,0.159059136,0.037258719,0.001977562,0.000201739
157,26.901236,11.93439114,0.016253944,551.226,0.158480424,0.037634483,0.001999312,0.000298231
158,26.485211,12.41246605,0.016726257,553.281,0.157897169,0.038141566,0.002019138,0.000271913
159,26.181028,12.701606,0.0169602,554.932,0.157355802,0.038786322,0.002040296,9.65E-05
160,25.323246,12.29327862,0.016193909,556.335,0.156556384,0.0396637,0.002077116,0.000228058
161,25.040713,12.22536353,0.015836375,557.548,0.15560356,0.040445155,0.00212308,0.000210517
162,24.942572,12.43865765,0.015816951,559.653,0.154589133,0.040937277,0.002192218,0.000166658
163,24.678903,13.10791233,0.016412229,561.867,0.153749162,0.041197068,0.002259237,0.000140347
164,23.896979,12.44198933,0.015393066,564.769,0.153098184,0.041334044,0.002315943,0.000122803
165,23.239398,13.10432988,0.016057564,566.898,0.152556975,0.041524324,0.002361364,0.000236839
166,22.798628,13.52621908,0.016452929,568.475,0.15211206,0.041827578,0.002399766,0.000122807
167,22.558329,13.52245236,0.016355196,569.907,0.151756816,0.04211345,0.002434883,0.000140355
168,22.275586,12.72864773,0.015325179,571.698,0.151457044,0.042408496,0.002473514,0.000228075
169,21.414604,12.80782369,0.015341453,573.383,0.151099572,0.042858228,0.002514317,6.14E-05
170,21.051923,12.38055895,0.014770603,575.349,0.150779894,0.043449294,0.002555173,0.000210525
171,20.847351,13.16541847,0.015596629,576.806,0.150275235,0.044165494,0.002594579,0.000175436
172,19.845023,15.75142566,0.01840085,578.371,0.149398742,0.044814367,0.002635224,0.00021929
173,19.68103,15.15042941,0.017388654,580.787,0.148337124,0.045246489,0.00268069,0.00025438
174,19.540942,13.99873198,0.015849461,582.997,0.147520498,0.045463376,0.002725549,0.000280686
175,19.265442,13.65246746,0.015327518,585.042,0.147007793,0.045586999,0.002760607,0.000192969
176,18.887663,13.10653611,0.014623249,587.301,0.146622469,0.045700192,0.00278811,-7.89E-05
177,17.602181,14.12265985,0.015677359,588.882,0.14633419,0.045623399,0.00280732,0.00011403
178,17.222229,15.19817825,0.016808263,590.178,0.146166592,0.045272923,0.002817098,0.000122802
179,16.982705,13.29026371,0.014725095,592.094,0.14635498,0.044752322,0.002812818,3.51E-05
180,16.268216,13.34426047,0.014909156,593.676,0.146919456,0.044284231,0.00279551,0
181,15.859201,14.04867226,0.01586559,594.776,0.147613033,0.043843338,0.002771286,5.26E-05
182,15.630805,14.49303491,0.016491806,595.577,0.148136786,0.043323025,0.002733036,0.000157894
183,15.194904,13.57533948,0.015504784,596.092,0.148440879,0.042796199,0.002691555,9.65E-05
184,14.456158,12.65540268,0.014555993,597.303,0.148924699,0.042309415,0.002650532,3.51E-05
185,13.967217,13.40096347,0.015573126,597.716,0.14957084,0.041916355,0.002615745,2.63E-05
186,13.734908,13.76782435,0.016191496,597.432,0.150309011,0.04145862,0.002583356,0.000157887
187,13.535682,13.8261521,0.016422799,597.41,0.150933992,0.040986654,0.002551826,0.000149119
188,13.41065,12.93065715,0.01548585,598.158,0.151451158,0.040560033,0.002526112,0
189,12.986197,12.27245234,0.014804506,598.473,0.151910472,0.040136201,0.002507418,0.000122808
190,12.000553,12.99796701,0.015801633,598.585,0.152393058,0.039697677,0.002496012,0.000105261
191,11.629079,13.03362373,0.01600637,598.779,0.152988953,0.039304638,0.002485847,4.39E-05
192,11.346039,13.14621093,0.01638434,599.109,0.153824276,0.038867099,0.002468545,1.75E-05
193,10.967972,12.45031616,0.015687005,598.97,0.154480366,0.038292282,0.002436176,0.000271931
194,10.811735,12.73659326,0.016176515,598.68,0.155010954,0.037565591,0.002399963,0.000333336
195,10.473854,12.21073776,0.015643654,598.786,0.155580446,0.036822887,0.0023443,0.000201754
196,9.503718,12.39340468,0.016136599,598.8,0.156509402,0.0361289,0.002275938,0.000175442
197,9.206791,12.20213127,0.016243719,598.722,0.157723143,0.035369002,0.00220066,0.00014913
198,9.104313,12.07048696,0.016381453,597.392,0.158777005,0.034607786,0.002128507,3.51E-05
199,8.848243,11.91865063,0.016487232,596.183,0.159805434,0.033840861,0.002052549,9.65E-05
200,8.386647,12.08210561,0.01703134,595.021,0.160811717,0.03303874,0.001973925,0.000192985
201,7.640361,11.33428986,0.016220338,593.923,0.161642095,0.032187984,0.001906645,0.000307018
202,7.324527,10.84654697,0.015813724,592.853,0.162611425,0.031337305,0.001842222,0.000298246
203,7.201137,10.76716594,0.016119404,591.744,0.163905324,0.030421484,0.00178098,0.000254377
204,7.022451,10.99485808,0.01693868,590.457,0.16525465,0.029502713,0.001722201,0.000149121
205,6.176954,10.52408257,0.016726366,589.129,0.166687233,0.028463603,0.00166105,0.000324553
206,6.058474,10.10750831,0.016523272,587.514,0.167967689,0.02742276,0.001598874,0.000236838
207,5.914632,9.669437631,0.016197785,585.984,0.169040508,0.026580599,0.001547134,0.000254386
208,5.472679,9.272111644,0.015917021,584.375,0.170104599,0.025653486,0.001503272,0.000315787
209,5.214622,9.467523657,0.016723271,582.417,0.171298029,0.024681793,0.001453142,0.000245611
210,5.096811,9.188528191,0.016763859,580.143,0.172583165,0.023742385,0.001401829,0.000149116
211,4.433085,9.353123578,0.017596066,577.649,0.173783,0.022770564,0.001353037,0.000236832
212,4.271058,8.715482302,0.017001085,575.261,0.175125399,0.021788099,0.001302943,0.000333316
213,4.025074,8.744021697,0.017713082,572.782,0.176466393,0.020822733,0.001257176,0.000219289
214,3.730034,8.351311827,0.017740588,570.163,0.178029343,0.019920773,0.001210615,0.000368399
215,3.586411,7.803706423,0.017344063,567.553,0.179461557,0.019028311,0.001160895,0.000412252
216,3.405731,7.519284709,0.017483151,564.649,0.180864228,0.01797898,0.001103311,0.000324539
217,2.79852,7.507193225,0.018276346,561.796,0.182242985,0.016881323,0.001043413,0.000368402
218,2.586091,7.001135646,0.01787402,559.072,0.183569733,0.015957534,0.000988838,0.000298221
219,2.56841,6.720466726,0.018187818,555.998,0.185052297,0.015165131,0.00094076,0.000228053
220,2.408727,6.335649874,0.018211937,552.657,0.186480428,0.014449312,0.000898836,0.000306995
221,2.286113,6.176800576,0.018642993,549.144,0.18761174,0.013695646,0.000864302,0.000298231
222,2.188021,5.867701197,0.018433218,545.754,0.188557997,0.012808084,0.000827395,0.000421033
223,1.472312,5.754240435,0.018767762,542.621,0.18942751,0.011935951,0.000784588,0.000342099
224,1.507095,5.52839641,0.018877074,539.406,0.190425313,0.011019334,0.000735949,0.00015789
225,1.402667,5.113865245,0.018747781,536.08,0.191791612,0.010114868,0.000684862,0.000333318
226,1.283696,4.881271863,0.019651139,532.422,0.193396611,0.009247888,0.000634071,0.000350863
227,1.265554,4.442559219,0.019704268,528.65,0.19490553,0.008409913,0.000589591,0.00055262
228,1.182314,4.106473637,0.019800704,524.89,0.196118895,0.007632444,0.000542013,0.000429815
229,1.160155,3.820254192,0.019844711,521.041,0.197132885,0.006931753,0.000489526,0.000342104
230,1.08327,3.605803894,0.020043547,517.136,0.198011135,0.00623522,0.000445587,0.000333326
231,0.904878,3.386345785,0.020329228,513.287,0.19892451,0.00556026,0.000403391,0.000438602
232,0.781333,3.113516186,0.020708496,509.443,0.200000722,0.004897753,0.000359564,0.000438599
233,0.761685,2.685070997,0.020416031,505.619,0.201207448,0.004310865,0.000317913,0.000482434
234,0.676463,2.351295328,0.020756712,501.79,0.202366092,0.00377654,0.000278464,0.000438585
235,0.656166,2.10560681,0.021521974,498.033,0.203356864,0.003269753,0.000242556,0.000315783
236,0.655982,1.828682455,0.021435218,494.337,0.204166194,0.002826189,0.000211497,0.000157892
237,0.579198,1.55132781,0.021536349,490.714,0.205007747,0.002418027,0.00018588,0.000307013
238,0.560315,1.258431239,0.021328318,487.088,0.205815576,0.002085443,0.000168041,0.000350855
239,0.477917,1.015714341,0.021605652,483.483,0.206552688,0.001795589,0.000156316,0.000350852
240,0.457581,0.835394722,0.022209605,479.917,0.207133814,0.001549377,0.00014589,0.000412243
241,0.458422,0.691999897,0.022048532,476.414,0.207524561,0.001358422,0.000138331,0.000464862
242,0.458397,0.578147371,0.022225911,473.064,0.207855997,0.001215958,0.000133936,0.000508722
243,0.457714,0.455794779,0.022024712,469.852,0.208172419,0.001124589,0.000132495,0.000245594
244,0.38051,0.374359441,0.022456665,466.719,0.20840691,0.001074006,0.000134068,0.000315759
245,0.361443,0.318976206,0.022630328,463.733,0.208563801,0.001007451,0.000135688,0.000491173
246,0.362362,0.277548079,0.0222897,460.82,0.20866837,0.000947936,0.00013403,0.000342065
247,0.439619,0.272525491,0.022769531,458.005,0.208704643,0.000906228,0.000132147,0.000403467
248,0.38206,0.25181786,0.022700155,455.299,0.208757848,0.00088849,0.000130065,0.000499933
249,0.36176,0.213354026,0.022271145,452.707,0.20884202,0.00089067,0.000129078,0.000535018
250,0.361731,0.189665239,0.022542746,450.198,0.208906074,0.000892643,0.000130436,0.000412232
251,0.278546,0.181539812,0.022721126,447.767,0.208933935,0.000872399,0.000130313,0.000306985
252,0.257081,0.188585004,0.02257029,445.453,0.208917957,0.000854284,0.000128626,0.000263128
253,0.340818,0.208701112,0.02261136,443.166,0.20887275,0.000839883,0.000127262,0.00033329
254,0.362021,0.208479438,0.022710061,440.98,0.208875161,0.000842191,0.000126926,0.000403446
255,0.361628,0.191615212,0.022706866,438.863,0.208913517,0.000856318,0.000126837,0.00044731
256,0.278598,0.180230703,0.022716634,436.804,0.208942163,0.000852079,0.000127831,0.000403439
257,0.257842,0.177286624,0.022800363,434.77,0.208956452,0.000829103,0.000125881,0.000280654
258,0.257553,0.191537413,0.023010658,432.813,0.208932314,0.000805712,0.00012156,0.000271885
259,0.257579,0.205442704,0.02313507,430.875,0.208904119,0.00079815,0.000118093,0.000420991
260,0.257921,0.193310058,0.023138968,429.044,0.20893362,0.000799882,0.000116396,0.000403449
261,0.25758,0.171466275,0.023053087,427.227,0.208978779,0.000825929,0.000117585,0.000482368
262,0.257789,0.161238236,0.022922935,425.451,0.209001605,0.000820793,0.00011971,0.000385906
263,0.257763,0.166671361,0.023066216,423.756,0.20899719,0.000791684,0.000119208,0.000385916
264,0.257107,0.183132327,0.023128773,422.181,0.208963786,0.000771071,0.000116844,0.00037715
265,0.257893,0.196065086,0.02345592,420.562,0.208941912,0.000762434,0.000114328,0.000368378
266,0.258131,0.182062473,0.023783335,418.997,0.208982046,0.00076141,0.000112202,0.000403458
267,0.257082,0.159227924,0.023316505,417.44,0.209024163,0.000780607,0.000111767,0.00035083
268,0.256397,0.149497047,0.023473144,415.9,0.209050618,0.000776378,0.000111878,0.000403452
269,0.257342,0.15165936,0.023310381,414.456,0.209050646,0.000745931,0.000108128,0.000385911
270,0.257711,0.162478422,0.023286062,413.111,0.209029397,0.000729671,0.00010353,0.000429762
271,0.179326,0.175496159,0.023516386,411.725,0.209004851,0.000723301,0.00010025,0.000377147
272,0.159811,0.155949113,0.023552344,410.344,0.209050869,0.000731059,9.79E-05,0.000403458
273,0.160389,0.13305617,0.023602392,409.061,0.209101797,0.000750303,9.74E-05,0.000543786
274,0.160101,0.126174162,0.023656522,407.804,0.209120117,0.000742926,9.77E-05,0.000447317
275,0.237881,0.12757597,0.02362235,406.545,0.209122023,0.000719156,9.58E-05,0.000543805
276,0.179903,0.146638644,0.023714569,405.32,0.209083247,0.000700157,9.35E-05,0.000447332
277,0.15997,0.159688905,0.023607996,404.175,0.209052853,0.000693551,9.19E-05,0.000333301
278,0.159444,0.143395703,0.023289008,403.044,0.209081992,0.00071569,9.19E-05,0.000333296
279,0.159129,0.132336359,0.023748522,401.933,0.209112744,0.000723294,9.25E-05,0.000122794
280,0.160231,0.12490567,0.023586136,400.879,0.209133438,0.000698335,9.23E-05,0.000350827
281,0.159577,0.132927739,0.023702435,399.862,0.209120367,0.00068198,8.97E-05,0.000456072
282,0.159339,0.15265391,0.023543574,398.846,0.209075676,0.000668206,8.63E-05,0.000552555
283,0.159654,0.150166336,0.023844531,397.842,0.209085869,0.000672316,8.43E-05,0.000473629
284,0.159838,0.1297428,0.023642324,396.9,0.209127075,0.000690574,8.45E-05,0.000306993
285,0.07736,0.119328746,0.024110874,395.93,0.209155647,0.000695251,8.57E-05,0.000473636
286,0.138689,0.112460835,0.024004569,394.969,0.209173937,0.000677956,8.58E-05,0.000491179
287,0.159129,0.123173864,0.023833845,394.099,0.209153154,0.00065313,8.32E-05,0.000535048
288,0.159181,0.144724205,0.02407894,393.242,0.209110122,0.000640518,7.97E-05,0.000324541
289,0.159207,0.134632664,0.024022904,392.457,0.209132252,0.000646895,7.72E-05,0.000499952
290,0.158892,0.115909869,0.024022542,391.609,0.209172458,0.000663648,7.62E-05,0.000640265
291,0.159338,0.098892076,0.023836461,390.796,0.209210263,0.00066236,7.64E-05,0.000517473
292,0.159995,0.099246359,0.023817943,389.959,0.209215111,0.000637258,7.47E-05,0.000605178
293,0.077622,0.114558805,0.023914553,389.108,0.209184481,0.00062248,7.19E-05,0.000578869
294,0.057287,0.129451068,0.023991083,388.399,0.209153371,0.000613981,6.96E-05,0.000745534
295,0.056763,0.117308032,0.023883991,387.733,0.20917945,0.000620523,6.81E-05,0.00067538
296,0.056185,0.099423596,0.024017366,387.039,0.209217474,0.00064314,6.87E-05,0.000692925
297,0.139003,0.091188299,0.024248471,386.304,0.209238399,0.00064268,6.94E-05,0.000578905
298,0.159654,0.096065887,0.024031794,385.66,0.209232745,0.000611256,6.67E-05,0.000552574
299,0.077727,0.112975704,0.023825374,384.952,0.209196722,0.000591913,6.28E-05,0.000561333
300,0.056396,0.127297393,0.023661976,384.25,0.209163206,0.000588423,5.91E-05,0.000561329
301,0.056316,0.114826729,0.023535198,383.596,0.209189501,0.00059956,5.70E-05,0.000596415
302,0.056342,0.100651339,0.024006939,382.961,0.209223888,0.000618381,5.66E-05,0.000447314
303,0.139161,0.089006821,0.024063542,382.327,0.209254628,0.000602093,5.70E-05,0.00049994
304,0.15968,0.09460784,0.024219961,381.699,0.209248191,0.00058152,5.47E-05,0.000596418
305,0.077412,0.114571276,0.024288879,381.057,0.209206926,0.000567016,5.23E-05,0.000543793
306,0.13924,0.119512588,0.024259393,380.497,0.209196171,0.000565526,5.06E-05,0.000561331
307,0.15905,0.100144856,0.02392355,379.965,0.209234288,0.000580761,5.03E-05,0.000684118
308,0.159128,0.084487142,0.02407074,379.448,0.209268686,0.000594871,5.11E-05,0.000631501
309,0.077437,0.081860723,0.024352665,378.941,0.209279316,0.000584636,5.04E-05,0.000789374
310,0.056973,0.084584059,0.024039694,378.424,0.209277452,0.000558184,4.66E-05,0.000692889
311,0.056579,0.10464542,0.0243473,377.857,0.209237342,0.000548668,4.29E-05,0.000578876
312,0.056893,0.110586895,0.024634438,377.304,0.209227053,0.000551592,4.01E-05,0.000587644
313,0.057208,0.087776088,0.024722859,376.779,0.20927601,0.000568787,3.92E-05,0.00064026
314,0.057261,0.070268164,0.024513455,376.266,0.209311369,0.000579688,4.04E-05,0.000578861
315,0.057577,0.06852689,0.024413604,375.751,0.209317443,0.000566858,4.02E-05,0.00063149
316,0.057026,0.079600261,0.024009039,375.288,0.209295692,0.00054066,3.71E-05,0.00057888
317,0.056447,0.103208983,0.024616665,374.86,0.209249466,0.000532763,3.44E-05,0.000719193
318,-0.018815,0.10136189,0.024332231,374.401,0.209250565,0.000537313,3.28E-05,0.000622703
319,-0.038036,0.084421506,0.024517272,373.938,0.209287756,0.00055262,3.22E-05,0.000710407
320,0.037041,0.064470754,0.024276296,373.477,0.209329567,0.000559684,3.38E-05,0.000429751
321,0.056796,0.063848817,0.024377185,373.047,0.209335001,0.000544719,3.30E-05,0.000543763
322,-0.01866,0.070917585,0.024296281,372.633,0.209324084,0.000523172,2.94E-05,0.000684072
323,-0.03714,0.090145158,0.024326544,372.242,0.209283695,0.000511154,2.69E-05,0.000622675
324,-0.037486,0.077158011,0.024148563,371.892,0.209310843,0.000519594,2.54E-05,0.000701629
325,0.037357,0.057193816,0.024262009,371.481,0.209352365,0.000543165,2.58E-05,0.000631464
326,0.056945,0.047673308,0.024604189,371.095,0.20937504,0.000543328,2.77E-05,0.000666548
327,-0.018131,0.050535724,0.024355898,370.69,0.209372298,0.000520946,2.71E-05,0.000491145
328,-0.037694,0.065591446,0.023997011,370.299,0.209340135,0.000503845,2.45E-05,0.000499913
329,0.037514,0.077866027,0.024289549,369.923,0.20931499,0.000501402,2.27E-05,0.000429749
330,0.057523,0.065868248,0.024684381,369.59,0.209341443,0.000519487,2.17E-05,0.000482377
331,0.056632,0.049181554,0.024843931,369.277,0.209377711,0.000529694,2.14E-05,0.000570075
332,0.057287,0.041135484,0.024672935,368.935,0.209395904,0.000523961,2.25E-05,0.000508674
333,0.057524,0.046180332,0.024458835,368.6,0.209387673,0.000507915,2.05E-05,0.000534973
334,0.057945,0.058356211,0.025124111,368.246,0.20936714,0.000495543,1.75E-05,0.000692832
335,0.057315,0.070748897,0.024721135,367.929,0.209339105,0.000489403,1.56E-05,0.00059639
336,0.056815,0.056611168,0.024848189,367.609,0.209367804,0.000507152,1.57E-05,0.000719176
337,-0.018631,0.039293811,0.024935737,367.276,0.209402704,0.000525101,1.69E-05,0.000613914
338,-0.037065,0.026608707,0.02433874,366.973,0.209431698,0.000512968,1.80E-05,0.000587604
339,0.037804,0.033648144,0.024613688,366.709,0.209421911,0.00049034,1.60E-05,0.000762979
340,0.05692,0.053640122,0.02452493,366.435,0.209379621,0.000478812,1.33E-05,0.000736675
341,0.057104,0.062229654,0.0246779,366.111,0.209360647,0.000483388,1.16E-05,0.00059637
342,0.057235,0.045759191,0.024399592,365.796,0.209393224,0.000500956,1.07E-05,0.000657767
343,0.056201,0.030276844,0.024558967,365.46,0.209425287,0.000517033,1.16E-05,0.000824415
344,0.056368,0.02744413,0.024699003,365.164,0.209434925,0.000503031,1.18E-05,0.000692868
345,0.056473,0.038316381,0.025358368,364.836,0.209417254,0.000485381,9.29E-06,0.000736704
346,0.05322,0.066069151,0.024993512,364.568,0.209356699,0.000478087,6.66E-06,0.000763005
347,-0.019817,0.071640534,0.024725799,364.303,0.209343517,0.000475919,5.24E-06,0.000640229
348,-0.037879,0.053266588,0.024872722,363.981,0.209381274,0.000496326,5.28E-06,0.000675317
349,-0.038063,0.032469295,0.025034181,363.697,0.209425054,0.000508087,7.40E-06,0.000657775
350,-0.03822,0.029066563,0.024860585,363.432,0.209434564,0.000495059,8.34E-06,0.000657769
351,0.038274,0.041670167,0.024721915,363.174,0.209410683,0.000475351,6.29E-06,0.000657765
352,-0.019626,0.063091709,0.024866737,362.974,0.209364957,0.000470078,4.72E-06,0.000771775
353,-0.039349,0.060824437,0.025003195,362.777,0.209369286,0.000477842,4.32E-06,0.000745456
354,-0.038694,0.041082991,0.024631656,362.572,0.209406918,0.00050059,4.73E-06,0.000868222
355,-0.037775,0.029564791,0.024906531,362.351,0.209431777,0.000506977,6.31E-06,0.000762968
356,0.037357,0.030898277,0.024118224,362.132,0.209432095,0.00048146,5.72E-06,0.000631436
357,0.056211,0.045823511,0.024717294,361.868,0.20940379,0.000467235,4.06E-06,0.000727922
358,-0.018736,0.064384623,0.024696751,361.616,0.209363446,0.000463718,1.71E-06,0.000640214
359,-0.038115,0.051793603,0.025113062,361.409,0.209391982,0.000473805,6.85E-07,0.000736683
360,-0.037827,0.031145531,0.025090496,361.236,0.209432123,0.000498718,1.58E-06,0.000762989
361,-0.037511,0.021345187,0.024992494,360.972,0.209452978,0.000499212,3.25E-06,0.000762958
362,0.037593,0.019427822,0.024860552,360.737,0.209462965,0.000472243,2.39E-06,0.000798036
363,-0.020185,0.033212338,0.024564654,360.564,0.209435259,0.000456479,2.96E-07,0.000684036
364,-0.037773,0.055443215,0.025159621,360.375,0.209388583,0.000455186,-9.27E-07,0.0007542
365,-0.03801,0.046970582,0.025106129,360.099,0.209403726,0.000471174,-8.73E-07,0.000719124
366,-0.03822,0.035687228,0.024955937,359.846,0.209423406,0.000491903,5.68E-07,0.000666477
367,-0.038352,0.030525447,0.025053663,359.658,0.209435792,0.000485377,2.74E-06,0.000710314
368,-0.038168,0.036751705,0.024992822,359.438,0.209426421,0.000464984,1.65E-06,0.000684008
369,-0.038115,0.056126746,0.025290354,359.252,0.209387411,0.000455162,-3.98E-08,0.000806767
370,-0.038011,0.067013629,0.024718336,359.053,0.209360002,0.000457086,-1.06E-06,0.000736592
371,0.037278,0.052921482,0.025133287,358.832,0.209390892,0.000470227,-9.48E-07,0.000789203
372,-0.019156,0.035935813,0.025172016,358.573,0.209423392,0.000492195,8.17E-07,0.000815506
373,-0.03885,0.030003119,0.02506417,358.395,0.209436304,0.000488556,2.77E-06,0.000815523
374,-0.03851,0.039031759,0.024969156,358.2,0.209421767,0.000463384,1.17E-06,0.000859373
375,-0.038168,0.06001502,0.025190745,357.995,0.209378675,0.000454175,-4.21E-07,0.000727846
376,0.037146,0.066716642,0.025016244,357.825,0.209362173,0.00045856,-1.13E-06,0.000666454
377,0.056919,0.049573078,0.025197693,357.662,0.209397737,0.00047403,-8.04E-07,0.000736598
378,-0.019286,0.033244414,0.025036399,357.493,0.20942864,0.000492921,1.25E-06,0.00071907
379,-0.037775,0.030455473,0.024784207,357.355,0.209436093,0.000481054,2.81E-06,0.00074538
380,-0.03801,0.040098963,0.024466438,357.218,0.2094174,0.00046347,1.56E-06,0.000815531
381,-0.037381,0.06284012,0.02500298,357.011,0.20937125,0.000454932,-4.63E-07,0.000736598
382,-0.038035,0.065061597,0.024974283,356.815,0.209366675,0.000453515,-1.15E-06,0.00061383
383,-0.037197,0.046640263,0.025141188,356.62,0.209404221,0.000472351,-4.86E-07,0.000710282
384,-0.036408,0.026163019,0.025410139,356.445,0.209447052,0.000482733,2.14E-06,0.00071026
385,0.038355,0.023921528,0.025519623,356.287,0.209453797,0.000473536,3.04E-06,0.000806726
386,-0.018656,0.04446089,0.025068449,356.16,0.209412329,0.000452914,9.63E-07,0.00077165
387,-0.038036,0.067992043,0.025431104,355.972,0.20936418,0.000446302,-5.76E-07,0.000754109
388,-0.037801,0.062414152,0.025097265,355.8,0.209372704,0.000455995,-1.06E-06,0.000754121
389,-0.038561,0.042936556,0.02490631,355.669,0.209411578,0.00047167,-2.43E-07,0.000710277
390,-0.038562,0.032351792,0.025230929,355.52,0.209434474,0.000475622,2.20E-06,0.000613823
391,-0.03809,0.034411908,0.024998062,355.356,0.209431951,0.000461504,2.87E-06,0.000745362
392,-0.038299,0.050685681,0.025024177,355.181,0.209400442,0.000443234,6.84E-07,0.000578754
393,-0.038588,0.069185005,0.024892843,355.014,0.209360022,0.000438363,-7.53E-07,0.000683982
394,-0.038746,0.058360944,0.024562998,354.876,0.209380266,0.000449335,-1.05E-06,0.00077165
395,-0.038773,0.040004339,0.024686344,354.783,0.209416829,0.000473266,2.39E-07,0.000683961
396,-0.038773,0.027724116,0.02489886,354.638,0.209445466,0.000467436,2.51E-06,0.000745355
397,-0.786245,0.02865536,0.02488601,354.473,0.209447316,0.000448517,2.51E-06,0.000762889
398,-0.974283,0.046693357,0.024862331,354.322,0.209412101,0.000427427,2.54E-07,0.000745337
399,-0.974283,0.062835711,0.025186689,354.102,0.209379021,0.000423535,-9.41E-07,0.000596268
400,-0.974177,0.049277381,0.025271763,353.913,0.209406045,0.000438834,-6.99E-07,0.000561193
401,-0.974361,0.031253478,0.025608145,353.67,0.20944378,0.000451045,1.12E-07,0.000534897
402,-0.974309,0.018410717,0.025793627,353.459,0.209472414,0.000444768,2.60E-06,0.000552446
403,-0.974388,0.023212093,0.025278481,353.26,0.209463944,0.000431143,2.47E-06,0.000561207
404,-0.973994,0.043518324,0.02539636,353.079,0.209423302,0.00041775,1.89E-07,0.00071027
405,-0.974308,0.047406251,0.025238354,352.857,0.209416063,0.00041052,-1.00E-06,0.00069273
406,-0.974204,0.027744616,0.024833942,352.609,0.20945353,0.000432691,-3.58E-07,0.000622588
407,-0.974256,0.012036087,0.025050598,352.389,0.209485233,0.0004476,1.33E-06,0.000640128
408,-0.974177,0.008167379,0.025277668,352.245,0.209495524,0.000437688,2.88E-06,0.000692731
409,-0.974256,0.018243708,0.02545011,352.079,0.209478073,0.000418373,1.74E-06,0.000675176
410,-0.974177,0.038671011,0.025724507,351.9,0.20943585,0.000414155,-9.54E-08,0.000780399
411,-0.974151,0.043557826,0.025617058,351.682,0.209424079,0.000419625,-1.07E-06,0.000683964
412,-0.974151,0.024338328,0.025622561,351.477,0.209460158,0.00044512,-1.45E-07,0.000552438
413,-0.974151,0.002534279,0.025414178,351.286,0.20950459,0.000456166,1.39E-06,0.000719028
414,-0.974256,-0.000693698,0.025272061,351.143,0.20951403,0.00044248,2.83E-06,0.000701479
415,-0.974176,0.011299472,0.025278462,351.034,0.20949177,0.000424832,1.61E-06,0.00072777
416,-0.974151,0.034492944,0.025326181,350.919,0.209444815,0.000409413,-4.14E-07,0.000710225
417,-0.974151,0.033068889,0.025460794,350.746,0.209447806,0.000413096,-1.14E-06,0.000754056
418,-0.974361,0.014279529,0.025559169,350.568,0.209484636,0.00043273,-5.12E-07,0.000640066
419,-0.974204,0.000763377,0.025273247,350.401,0.209510514,0.000445632,1.82E-06,0.000841733
420,-0.974256,0.001086721,0.025487024,350.176,0.209512578,0.000430838,2.82E-06,0.000754061
421,-0.974073,0.022323341,0.025251581,350.032,0.209470673,0.000411255,5.59E-07,0.00077161
422,-0.97402,0.044812551,0.025231059,349.875,0.209422449,0.000406874,-8.12E-07,0.000876839
423,-0.97423,0.038793817,0.025496618,349.752,0.209434466,0.000417487,-1.05E-06,0.000552411
424,-0.974177,0.014117805,0.025692539,349.642,0.209484113,0.000437225,-2.43E-07,0.000719001
425,-0.974256,3.53E-05,0.025189947,349.507,0.209512406,0.000443606,2.21E-06,0.00065761
426,-0.974283,0.003184602,0.02544465,349.314,0.209509159,0.00042592,2.42E-06,0.000692686
427,-0.974177,0.020221854,0.025866447,349.099,0.209476121,0.000411903,8.57E-07,0.000710222
428,-0.974151,0.036812385,0.025584251,348.896,0.209440938,0.000408088,-7.72E-07,0.00081545
429,-0.974151,0.019375062,0.025910808,348.725,0.209477122,0.000419257,-1.02E-06,0.000850535
430,-0.974256,-0.000937696,0.025747004,348.556,0.209515309,0.00044273,4.23E-07,0.000780392
431,-0.974283,-0.002549707,0.025709124,348.39,0.209517823,0.000443975,2.49E-06,0.000771618
432,-0.974177,0.005635623,0.025546012,348.289,0.209504795,0.00042202,2.05E-06,0.00074529
433,-0.974361,0.024297284,0.025413044,348.111,0.209466818,0.000410393,6.41E-07,0.000824204
434,-0.974309,0.037165182,0.025170602,347.932,0.209438913,0.000407954,-8.94E-07,0.000692694
435,-0.974283,0.023635326,0.025887882,347.76,0.209468101,0.000418602,-1.11E-06,0.000876839
436,-0.974177,0.004470382,0.025661289,347.61,0.209503146,0.000443614,1.19E-06,0.000657624
437,-0.974256,-0.00107397,0.025450831,347.42,0.20951539,0.000439821,2.88E-06,0.000640082
438,-0.974177,0.00789464,0.025516537,347.283,0.209501265,0.000416556,1.29E-06,0.000832974
439,-0.974151,0.027881072,0.025322082,347.169,0.209459597,0.000407665,-1.39E-07,0.000797892
440,-0.974151,0.036026858,0.025656751,347.053,0.209441932,0.000413032,-1.07E-06,0.000797865
441,-0.974046,0.011718983,0.025770308,346.89,0.209491908,0.000426129,-8.26E-07,0.000850446
442,-0.974124,-0.006199314,0.025574938,346.759,0.20952593,0.000444909,1.51E-06,0.000841699
443,-0.974361,-0.009954655,0.025559303,346.602,0.209534786,0.000439324,2.93E-06,0.000832921
444,-0.974309,0.000295807,0.025609344,346.404,0.209517623,0.000417263,1.46E-06,0.000727723
445,-0.974389,0.029145451,0.025947459,346.302,0.20945838,0.000407732,-2.30E-07,0.00078036
446,-0.974203,0.033247483,0.025361965,346.209,0.209445491,0.000420729,-1.02E-06,0.000622552
